{"beae8bef":{"6d635bdb":118.57918},"eb63b01c":{"d9296b60":93.878491,"095af23c":101.28166,"1ba50e19":109.94494,"4ac21425":102.54178,"98fba9d7":104.43195},"2b760e5c":{"db85f3df":74.908039,"5eeb85b6":98.941756,"c1cc6285":80.428706,"31785ff1":79.048539,"de08e6d1":87.405429,"e161895c":76.702256,"55a3b6d0":116.53006},"bfb787b8":{"1bc64668":118.60823,"bfb787b8":37.330877},"df07f69d":{"02c52507":105.81794,"6a4848c6":103.49862,"0b061c37":102.26179,"348ec048":90.433503,"f831e4ef":115.93766,"bb7e79e4":95.527937,"e97d68e5":106.58648,"df07f69d":52.452244}}
