{"76dc032a":{"76dc032a":52.452244},"c2479b9f":{},"50e1c433":{},"15ba88ae":{},"686a7d84":{"686a7d84":37.330877}}
