{"Scene-64":{"63":132.30769,"62":129.65803,"61":139.59896,"60":93.094911,"50":167.45744,"51":74.746581,"52":117.09428,"54":162.31069,"53":241.85388,"56":202.2437,"55":126.31716,"58":73.912356,"57":91.824316,"2":276.63797,"59":78.977452,"68":87.994967,"69":125.51074,"66":107.21286,"67":131.73168,"64":51.664673,"65":171.36218},"Scene-8":{"19":116.10556,"15":281.14328,"16":138.10531,"13":128.79312,"1":130.56938,"14":136.27879,"11":249.32027,"12":256.25641,"8":80.498638,"6":135.01003,"7":155.79171,"4":247.27735,"5":118.51619,"2":170.73958,"3":112.03156}}

